bank,family,field,address,stock,r2,ratio,exact_2p5,rounded_2p5
1,main,curve[0],0x57bc0,0,0,,True,True
1,main,curve[1],0x57bc2,2019,3968,1.9653293709757305,False,False
1,main,curve[2],0x57bc4,3230,7936,2.456965944272446,False,False
1,main,curve[3],0x57bc6,3980,9950,2.5,True,True
1,main,curve[4],0x57bc8,4345,10863,2.500115074798619,False,True
1,main,curve[5],0x57bca,4577,11443,2.500109241861481,False,True
1,main,curve[6],0x57bcc,4721,11803,2.5001059097648803,False,True
1,main,curve[7],0x57bce,4864,12160,2.5,True,True
1,main,curve[8],0x57bd0,4864,12160,2.5,True,True
1,main,D_limit,0x57bd6,640,640,1.0,False,False
1,main,P_limit,0x57bd8,1024,2560,2.5,True,True
1,main,u_limit,0x57bda,1024,2560,2.5,True,True
1,reference,curve[0],0x67bd6,0,0,,True,True
1,reference,curve[1],0x67bd8,2019,3968,1.9653293709757305,False,False
1,reference,curve[2],0x67bda,3230,7936,2.456965944272446,False,False
1,reference,curve[3],0x67bdc,3980,9950,2.5,True,True
1,reference,curve[4],0x67bde,4345,10863,2.500115074798619,False,True
1,reference,curve[5],0x67be0,4577,11443,2.500109241861481,False,True
1,reference,curve[6],0x67be2,4721,11803,2.5001059097648803,False,True
1,reference,curve[7],0x67be4,4864,12160,2.5,True,True
1,reference,curve[8],0x67be6,4864,12160,2.5,True,True
1,reference,D_limit,0x67bec,640,640,1.0,False,False
1,reference,P_limit,0x67bee,1024,2560,2.5,True,True
1,reference,u_limit,0x67bf0,1024,2560,2.5,True,True
2,main,curve[0],0x57ec0,0,0,,True,True
2,main,curve[1],0x57ec2,2019,3968,1.9653293709757305,False,False
2,main,curve[2],0x57ec4,3230,7936,2.456965944272446,False,False
2,main,curve[3],0x57ec6,3980,9950,2.5,True,True
2,main,curve[4],0x57ec8,4345,10863,2.500115074798619,False,True
2,main,curve[5],0x57eca,4577,11443,2.500109241861481,False,True
2,main,curve[6],0x57ecc,4721,11803,2.5001059097648803,False,True
2,main,curve[7],0x57ece,4864,12160,2.5,True,True
2,main,curve[8],0x57ed0,4864,12160,2.5,True,True
2,main,D_limit,0x57ed6,640,640,1.0,False,False
2,main,P_limit,0x57ed8,1024,2560,2.5,True,True
2,main,u_limit,0x57eda,1024,2560,2.5,True,True
2,reference,curve[0],0x67ed6,0,0,,True,True
2,reference,curve[1],0x67ed8,2019,3968,1.9653293709757305,False,False
2,reference,curve[2],0x67eda,3230,7936,2.456965944272446,False,False
2,reference,curve[3],0x67edc,3980,9950,2.5,True,True
2,reference,curve[4],0x67ede,4345,10863,2.500115074798619,False,True
2,reference,curve[5],0x67ee0,4577,11443,2.500109241861481,False,True
2,reference,curve[6],0x67ee2,4721,11803,2.5001059097648803,False,True
2,reference,curve[7],0x67ee4,4864,12160,2.5,True,True
2,reference,curve[8],0x67ee6,4864,12160,2.5,True,True
2,reference,D_limit,0x67eec,640,640,1.0,False,False
2,reference,P_limit,0x67eee,1024,2560,2.5,True,True
2,reference,u_limit,0x67ef0,1024,2560,2.5,True,True
3,main,curve[0],0x581c0,0,0,,True,True
3,main,curve[1],0x581c2,2019,3968,1.9653293709757305,False,False
3,main,curve[2],0x581c4,3230,7936,2.456965944272446,False,False
3,main,curve[3],0x581c6,3980,9950,2.5,True,True
3,main,curve[4],0x581c8,4345,10863,2.500115074798619,False,True
3,main,curve[5],0x581ca,4577,11443,2.500109241861481,False,True
3,main,curve[6],0x581cc,4721,11803,2.5001059097648803,False,True
3,main,curve[7],0x581ce,4864,12160,2.5,True,True
3,main,curve[8],0x581d0,4864,12160,2.5,True,True
3,main,D_limit,0x581d6,640,640,1.0,False,False
3,main,P_limit,0x581d8,1024,2560,2.5,True,True
3,main,u_limit,0x581da,1024,2560,2.5,True,True
3,reference,curve[0],0x681d6,0,0,,True,True
3,reference,curve[1],0x681d8,2019,3968,1.9653293709757305,False,False
3,reference,curve[2],0x681da,3230,7936,2.456965944272446,False,False
3,reference,curve[3],0x681dc,3980,9950,2.5,True,True
3,reference,curve[4],0x681de,4345,10863,2.500115074798619,False,True
3,reference,curve[5],0x681e0,4577,11443,2.500109241861481,False,True
3,reference,curve[6],0x681e2,4721,11803,2.5001059097648803,False,True
3,reference,curve[7],0x681e4,4864,12160,2.5,True,True
3,reference,curve[8],0x681e6,4864,12160,2.5,True,True
3,reference,D_limit,0x681ec,640,640,1.0,False,False
3,reference,P_limit,0x681ee,1024,2560,2.5,True,True
3,reference,u_limit,0x681f0,1024,2560,2.5,True,True
4,main,curve[0],0x584c0,0,0,,True,True
4,main,curve[1],0x584c2,1715,1715,1.0,False,False
4,main,curve[2],0x584c4,2842,2842,1.0,False,False
4,main,curve[3],0x584c6,3277,3277,1.0,False,False
4,main,curve[4],0x584c8,3738,3738,1.0,False,False
4,main,curve[5],0x584ca,4173,4173,1.0,False,False
4,main,curve[6],0x584cc,4506,4506,1.0,False,False
4,main,curve[7],0x584ce,4570,4570,1.0,False,False
4,main,curve[8],0x584d0,4570,4570,1.0,False,False
4,main,D_limit,0x584d6,640,640,1.0,False,False
4,main,P_limit,0x584d8,1024,1024,1.0,False,False
4,main,u_limit,0x584da,1024,1024,1.0,False,False
4,reference,curve[0],0x684d6,0,0,,True,True
4,reference,curve[1],0x684d8,1715,1715,1.0,False,False
4,reference,curve[2],0x684da,2842,2842,1.0,False,False
4,reference,curve[3],0x684dc,3277,3277,1.0,False,False
4,reference,curve[4],0x684de,3738,3738,1.0,False,False
4,reference,curve[5],0x684e0,4173,4173,1.0,False,False
4,reference,curve[6],0x684e2,4506,4506,1.0,False,False
4,reference,curve[7],0x684e4,4570,4570,1.0,False,False
4,reference,curve[8],0x684e6,4570,4570,1.0,False,False
4,reference,D_limit,0x684ec,640,640,1.0,False,False
4,reference,P_limit,0x684ee,1024,1024,1.0,False,False
4,reference,u_limit,0x684f0,1024,1024,1.0,False,False
5,main,curve[0],0x587c0,0,0,,True,True
5,main,curve[1],0x587c2,1715,1715,1.0,False,False
5,main,curve[2],0x587c4,2842,2842,1.0,False,False
5,main,curve[3],0x587c6,3277,3277,1.0,False,False
5,main,curve[4],0x587c8,3738,3738,1.0,False,False
5,main,curve[5],0x587ca,4173,4173,1.0,False,False
5,main,curve[6],0x587cc,4506,4506,1.0,False,False
5,main,curve[7],0x587ce,4570,4570,1.0,False,False
5,main,curve[8],0x587d0,4570,4570,1.0,False,False
5,main,D_limit,0x587d6,640,640,1.0,False,False
5,main,P_limit,0x587d8,1024,1024,1.0,False,False
5,main,u_limit,0x587da,1024,1024,1.0,False,False
5,reference,curve[0],0x687d6,0,0,,True,True
5,reference,curve[1],0x687d8,1715,1715,1.0,False,False
5,reference,curve[2],0x687da,2842,2842,1.0,False,False
5,reference,curve[3],0x687dc,3277,3277,1.0,False,False
5,reference,curve[4],0x687de,3738,3738,1.0,False,False
5,reference,curve[5],0x687e0,4173,4173,1.0,False,False
5,reference,curve[6],0x687e2,4506,4506,1.0,False,False
5,reference,curve[7],0x687e4,4570,4570,1.0,False,False
5,reference,curve[8],0x687e6,4570,4570,1.0,False,False
5,reference,D_limit,0x687ec,640,640,1.0,False,False
5,reference,P_limit,0x687ee,1024,1024,1.0,False,False
5,reference,u_limit,0x687f0,1024,1024,1.0,False,False
6,main,curve[0],0x58ac0,0,0,,True,True
6,main,curve[1],0x58ac2,1715,1715,1.0,False,False
6,main,curve[2],0x58ac4,2842,2842,1.0,False,False
6,main,curve[3],0x58ac6,3277,3277,1.0,False,False
6,main,curve[4],0x58ac8,3738,3738,1.0,False,False
6,main,curve[5],0x58aca,4173,4173,1.0,False,False
6,main,curve[6],0x58acc,4506,4506,1.0,False,False
6,main,curve[7],0x58ace,4570,4570,1.0,False,False
6,main,curve[8],0x58ad0,4570,4570,1.0,False,False
6,main,D_limit,0x58ad6,640,640,1.0,False,False
6,main,P_limit,0x58ad8,1024,1024,1.0,False,False
6,main,u_limit,0x58ada,1024,1024,1.0,False,False
6,reference,curve[0],0x68ad6,0,0,,True,True
6,reference,curve[1],0x68ad8,1715,1715,1.0,False,False
6,reference,curve[2],0x68ada,2842,2842,1.0,False,False
6,reference,curve[3],0x68adc,3277,3277,1.0,False,False
6,reference,curve[4],0x68ade,3738,3738,1.0,False,False
6,reference,curve[5],0x68ae0,4173,4173,1.0,False,False
6,reference,curve[6],0x68ae2,4506,4506,1.0,False,False
6,reference,curve[7],0x68ae4,4570,4570,1.0,False,False
6,reference,curve[8],0x68ae6,4570,4570,1.0,False,False
6,reference,D_limit,0x68aec,640,640,1.0,False,False
6,reference,P_limit,0x68aee,1024,1024,1.0,False,False
6,reference,u_limit,0x68af0,1024,1024,1.0,False,False
7,main,curve[0],0x58dc0,0,0,,True,True
7,main,curve[1],0x58dc2,1715,1715,1.0,False,False
7,main,curve[2],0x58dc4,2842,2842,1.0,False,False
7,main,curve[3],0x58dc6,3277,3277,1.0,False,False
7,main,curve[4],0x58dc8,3738,3738,1.0,False,False
7,main,curve[5],0x58dca,4173,4173,1.0,False,False
7,main,curve[6],0x58dcc,4506,4506,1.0,False,False
7,main,curve[7],0x58dce,4570,4570,1.0,False,False
7,main,curve[8],0x58dd0,4570,4570,1.0,False,False
7,main,D_limit,0x58dd6,640,640,1.0,False,False
7,main,P_limit,0x58dd8,1024,1024,1.0,False,False
7,main,u_limit,0x58dda,1024,1024,1.0,False,False
7,reference,curve[0],0x68dd6,0,0,,True,True
7,reference,curve[1],0x68dd8,1715,1715,1.0,False,False
7,reference,curve[2],0x68dda,2842,2842,1.0,False,False
7,reference,curve[3],0x68ddc,3277,3277,1.0,False,False
7,reference,curve[4],0x68dde,3738,3738,1.0,False,False
7,reference,curve[5],0x68de0,4173,4173,1.0,False,False
7,reference,curve[6],0x68de2,4506,4506,1.0,False,False
7,reference,curve[7],0x68de4,4570,4570,1.0,False,False
7,reference,curve[8],0x68de6,4570,4570,1.0,False,False
7,reference,D_limit,0x68dec,640,640,1.0,False,False
7,reference,P_limit,0x68dee,1024,1024,1.0,False,False
7,reference,u_limit,0x68df0,1024,1024,1.0,False,False
